url,name,description
https://book.douban.com/subject/26586492/,火星救援,六天前，马克・沃特尼成为了第一批行走在火星上的人。如今，他也将成为第一个葬身火星的人。一场突如其来的风暴让阿瑞斯三船员被迫放弃任务。撤离过程中，沃特尼遭遇意外，被孤身一人丢在了这片寸草不生的红色荒漠中，剩余的补给也远不够撑到救援可能抵达的那一天。当然，沃特尼也不准备坐以待毙，凭借着他的植物学家和机械工程师背景，他决定跟火星来一场不是你死就是我活的过家家游戏。
https://book.douban.com/subject/20370889/,霍比特人,在地底的洞府中住着一个霍比特人。比尔博，一个热爱安逸生活的霍比特人，自得其乐地待在袋底洞他的霍比特洞府里。清晨和煦，睿智巫师甘道夫的到来打破了宁静。“越过冰冷而又雾蒙蒙的大山，在那深深地下洞穴已有千年……”吟着古老的歌谣，十三个矮人将比尔博拽进冒险远行的队伍。在这趟“意外之旅”之中，与世无争的霍比特人比尔博，却
https://book.douban.com/subject/21328036/,逃离德黑兰,一位传奇的艺术家特工一段真实的历史一份保密17年的中情局档案一个男 人的责任、信心与勇气一个伟大的故事！这个真实的故事讲述了一个男人的勇气与责任，以及在绝境中看到希望的坚定信心。1979年11月4日，六位美国外交官设法逃出了激进分子围攻的美国大使馆。其余人员遭到扣押，长达444天。六位逃亡者在加拿大使馆留宿了两个多月，直到中央情报局展开冒险营救行动。门德兹是中央情报局顶级“偷越封锁线”特工。他想出了勇敢的计划，断定这样一个史无前例的营救行动需要大胆的掩盖。他在真正的
https://book.douban.com/subject/25836981/,爬出窗外并消失的百岁老人,在经历了充满传奇又匪夷所思的漫长一生后，阿朗・卡尔松栖息于他以为即将成为他在地球上最后一站的老年公寓。问题是，他的健康却不肯屈从。一天，他居然活到了三位数的年纪。华丽的庆典在等待着他，市长和本地的报纸都已就位。阿朗却不想看到这样的场面，他临时起意，从窗口爬出去，逃离了自己的生日聚会。仓促间，阿朗偶然得到一个旅行箱――原本他只需看管一下，可转眼间，他就成了小偷和警察们追寻的目标。《爬出窗外并消失的百岁老人》娓娓道来的是一场针对阿朗和他的临时结识的伙伴们展开的追踪，足迹遍及整个瑞典，历时一个月。而与此同时，这本书也讲述了一趟穿越20世纪的旅行――无忧无虑的阿朗・卡尔松的人生之旅。阿朗怎会救下了佛朗哥，还跟即将成为总统的杜鲁门共进晚餐？他为何搭上了前首相邱吉尔的便车，又被扔进中国的国共两党之争？此外，他是如何度过翻越喜马拉雅山的那几个月的？
https://book.douban.com/subject/25768151/,为奴十二年,《为奴十二年》是那种距离我们非常遥远，但只要一读，那种莫名的熟悉感就会扑面而来的故事。这也是为什么它写的是一段美国的历史，但却在今年撼动了整个世界电影圈的原因。因为《为奴十二年》中那些关于坚守生命、自由、尊严和信念的决心和执著，让人无法回避。它在奋力地为爱与亲情、为回家而抗争，它让冰冷的现代人潸然泪下。世界名著《汤姆叔叔的小屋》中的许多情节取材于这个故事，一个受过良好教育、会拉小提琴的自由黑人，被欺骗绑架贩卖为奴隶，他历经了十二年的非人生活，最终回到了家园。原来，在回家的漫漫长路上，无论时间，无论岁月，也无论地点，你、我、他都是一样的……
https://book.douban.com/subject/25766893/,成为简?奥斯丁,《成为简?奥斯丁》电影同名原著。简?奥斯丁，《傲慢与偏见》《理智与情感》《诺桑觉寺》《劝导》《爱玛》《曼斯菲尔德庄园》等多部世界名著的创作者，被誉为“可与莎士比亚平起平坐”的伟大女性作家。这本真实的全面的传记，给世人呈现了一个明知前路黑暗、仍要选择昂首前行的简?奥斯丁，讲述了一个比电影更丰富动人又充满了女性理性光辉的故事。作为同名电影《成为简?奥斯丁》的原著，它更具体更完整地诠释出了一个温情优美的简?奥斯丁，给电影打上一个完美的句号。简?奥斯丁失去了自己全心投入的爱情之后，两次拒绝了来自良好背景的年轻人的求婚，而这两人，的确诚心诚意地对简表达了爱慕并向她求婚。拒绝了他们，就拒绝了“回到史蒂文屯周边，成为一处美妙房子的女主人”、拥有经济保障和社会地位、“成为她所敬爱的家庭的一分子”等等的全部可能……《成为简?奥斯丁》作品本身也处处表现了裹挟在
https://book.douban.com/subject/11588813/,海上钢琴师,天堂的名单里，没有他的名字。他从未出生，从未死亡，从未存在。1900。海上钢琴师。一个传奇中的传奇。风靡全球的经典电影《海上钢琴师》原著作品，在意大利畅销了100万册《海上钢琴师》的导演托纳多雷说：“我非常欣赏《海上钢琴师》，无论是故事还是语言我都很喜欢，巴里科的语言很简练，但寓意深远。也许这就是他受年轻人追捧的原因所在。”1900年，“弗吉尼亚人号”豪华邮轮上，一个孤儿被遗弃在头等舱，由船上的水手抚养长大，取名一九○○。一九○○慢慢长大，显示出无师自通的钢琴天赋，在船上的乐队表演钢琴，听过他演奏的人，都被深深打动。爵士乐鼻祖杰尼听说一九○○的高超技艺，专门上船和他比赛，最后自叹弗如，黯然离去。这一切都发生在海上，一九○○从来不愿踏上陆地，直到有一天，他想看看大海，想下船，但还是没有去成。后来油轮被废弃，装满了炸弹，一九○○也随之而去。
https://book.douban.com/subject/3175259/,锅匠，裁缝，士兵，间谍,有时候，背叛不为别的，它是一种本能。一个外勤人员的告密搅动了英国情报机构“圆场”得之不易的平静，原来圆场十几年来一直潜伏着苏联情报头子卡拉安插的双面间谍，且是圆场四位高层中的一位。乱局之下，已被迫退休的史迈利奉命出山。锅匠，裁缝，士兵，水手，究竟谁是幕后主使？记忆力像计算机一样好的史迈利钻进尘封的故纸堆中寻找蛛丝马迹，逐渐将真相抽丝剥茧，终于解开了卡拉设置的“最后一个聪明的结”……
https://book.douban.com/subject/3654604/,天使与魔鬼,虔诚的上帝信徒――欧洲原子核研究组织的杰出科学家列奥纳多・维特勒毕生致力于以科学的手段证明神的存在。他和其养女、神秘妩媚的科学家维特多利亚在实验室里成功地制造出了一种极其强大的能量――“反物质”。在这个重大发现尚未对外公布时，列奥纳多在实验室里惨遭杀害，一颗眼珠被凶手挖走，胸口上赫然印着一个神秘的标记――“光照派”！更令人震惊的是，藏在地下的反物质不翼而飞。哈佛大学符号学专家罗伯特?兰登应欧洲原子核研究组织首领之邀，前来调查这个神秘的符号。就在他到达的当天，失踪的反物质在梵蒂冈城地下某处被人发现。离开了实验室的反物质，会在二十四小时之后自行爆炸。这天正是天主教教皇选举日，来自世界各地的天主教首领会聚在梵蒂冈城，藏在地下的反物质就如同一枚定时炸弹，如不能及时找到，整个梵蒂冈城便会在顷刻间灰飞烟灭。形势刻不容缓，兰登与维特多利亚一起踏上了前往梵蒂冈的
https://book.douban.com/subject/1072334/,魔戒前传,“从前有个霍比特人，住在地洞里。”霍比特人是一种比矮人个儿还小的人，善良精明而安分守已。毕尔博・巴金斯是他们当中的一个。这天他正在洞门口抽烟，来了大名鼎鼎的术士刚多尔夫，他为巴金斯带来了一队奇怪的客人。于是巴金斯先生和他们一起开始了可怕的旅程。在途中的一次磨难里，巴金斯无意中得到了那枚神奇的魔戒，世界从此变了……
https://book.douban.com/subject/5906611/,独奏者,《独奏者》内容简介：一个偶然的机会，《洛杉矶时报》的专栏作家洛佩兹发现了一个奇特的流浪者，他在嘈杂的隧道边用只有两根弦的小提琴拉着贝多芬的乐曲。职业的敏感让洛佩兹感觉到这是一个绝好的新闻素材，于是将其写进自己的专栏。随着二人慢慢地接触，洛佩兹渐渐拼凑出这个奇特流浪者的过去，并试图为他找到开始新生活的机会……
https://book.douban.com/subject/10583075/,英国病人,迈克尔?翁达杰用优美而抒情的笔触，描绘了二次世界大战末期，意大利一栋废弃别墅里，四个伤心人的因缘际会。他们生活在世外桃源一般的风景中，却无法享受战争结束带来的和平与安宁。在战争中失去父亲与孩子，身心俱疲的安娜，固执地照顾着自己最后一个病人。卡拉瓦乔，因偷窃技能成为战争英雄，也因此失去了双手的拇指，他只能通过吗啡来重新想象自己是谁。印度士兵基普，聪明、机警，在这个除了他自己任何东西都不安全的地方拆除地雷和炸弹。全身被烧焦的英国病人，终日躺在病床上，陷于回忆和幻觉之中。为了拯救爱人，他担当卖国之名，深入大沙漠，但他整整迟到了三年
https://book.douban.com/subject/3026354/,造梦的雨果,在巴黎火车站二十七座时钟后墙的暗窄通道里，十二岁的男孩雨果一直过着不为人知的秘密生活。孤儿、守钟人和小偷──雨果以为自己终将以这三重身分悲惨的生活下去，甚至再也无法踏出这座车站……除非，他能修好那个会写字的机器人！雨果的爸爸生前是个钟表匠，曾在工作的博物馆里发现一个坏了的但精致巧妙的机器人，而雨果的父亲恰恰在修理这个机器人的过程中，在博物馆的一场离奇的大火中神秘死亡。雨果见到这个被当作垃圾丢弃的机器人之后，就有一种预感，他必须修好这个机器人，那样就可以读到爸爸预留的信息，明白父亲想要告诉自己的一切。为了修理机器人，雨果经常去玩具店老人那里偷取玩具，以便拆解出更多适合机器人的零件。不料却因此引出更复杂、更惊人的秘密！雨果的命运，也随之发生了翻天覆地的变化。魔术、电影、梦想……构成了这个复杂神奇的悬疑故事。
https://book.douban.com/subject/5942276/,战马,我在农场的最后一个夏天，艾伯特开始骑着我去放羊。我渐渐熟悉了教区的每个巷子、每棵树叶婆娑的橡树、每扇咣咣作响的大门。我们会在水花飞溅中穿过因诺森特矮林下的河流，还以电闪雷鸣般的速度飞奔到远处的弗尔尼山的山坡上。他不和我说话的时候，就一直吹口哨或者唱歌。他的口哨声我永远不会拒绝，也永远不会忘记。我一听见他吹口哨便跑过来，这样做并不是出于顺从，而是因为我总想和他待在一起。但是，我们不得不分开了，因为，战争开始了……
https://book.douban.com/subject/6833935/,老无所依,普利策小说奖得主科马克・麦卡锡的转型之作。故事发生在上世纪80年代得克萨斯州西南部的美墨边境，围绕三个人物（莫斯、苏格和贝尔）展开。猎手莫斯是一个越战老兵，一次打猎时发现了一个枪战遗迹，所有人都死了，只剩下一车海洛因和2400万美元现金。莫斯带走了钱，却因此被受雇追回这笔钱的杀手苏格追杀。警探贝尔一直为自己在二战时的行为所困扰，人到中年，他试图弥补21岁时犯下的错误，因此在调查毒品犯罪时，他想尽办法用法律保护莫斯和他年轻的妻子。该书于2007年被翻拍成电影，并获得第80届奥斯卡奖的四项重量级大奖。
https://book.douban.com/subject/1008988/,了不起的盖茨比,盖茨比为了久久地抱着的一个梦而付出了很高的代价。他死后，尼克发觉是汤姆暗中挑拨威尔逊去杀死盖茨比。他感到东部鬼影幢幢，世态炎凉，便决定回中西部老家去。这是一个简单的故事，却有着极悲凉的人生况味。
https://book.douban.com/subject/1038656/,我曾侍候过英国国王,《我曾侍候过英国国王(赫拉巴尔精品集)》讲述了：在中国，谁都知道米兰・昆德拉。但谁会知道博胡来米尔・赫拉巴尔？捷克作家博・赫拉巴尔，这位法学博士为自己重新建构的一生是这样的：服过兵役、当过推销员、仓库管理员、炼钢工，后来又做废品回收站打包工、舞台布景工。49岁时第一部作品才得以出版，而此后获得的国内、国际奖项多达30多个，很多作品被改编电影和戏剧，并获柏林电影节金奖及奥斯卡最佳外语片奖。这部小说以一个餐厅服务员的打经历，展示了捷克斯洛伐克近半世纪的社会生活画面。它又是一部作家回忆录式的“传记”，通篇描绘了旅馆、饭店、食堂、酒家和餐厅的生活，处处流露出布拉格帅克式的幽默、揶揄和调侃。赫拉巴尔的生命是这样结束的：1997年2月3日，人们发现原来即将愈出院的这位作家从医院五楼窗口坠落身亡，陆续推出的这套“赫拉巴尔精品集”，系中国青年出版社完整购进版权，著名
https://book.douban.com/subject/5447903/,留住一片情,兰登?卡特是小镇上首富的独生子，他喜欢在墓地吃水煮花生，因此也成了别人眼中的坏小子。兰登与乖乖女杰米一起长大，但绝非青梅竹马。虽然他们从小学到高中一直同窗共读，却因家庭背景、家族矛盾、个性差异而形同陌路。然而，高中毕业那年，他们却因一门选修课结缘，兰登与杰米逐渐熟悉，杰米的真诚、善良、纯洁和她对生活的热爱每天都在感染、改变着兰登。他们竟然不可思议地坠入了情网。就在他们尽情享受爱情甘醇的时刻，来自杰米父亲的阻挠、杰米时不时的迷离都困扰着兰登……
https://book.douban.com/subject/2229229/,穿条纹衣服的男孩,1943年夏天，一个9岁的男孩布鲁诺从生活舒适的柏林来到波兰。他的父亲接受了一项重要的新工作，从此成为了一位纳粹军官。他感到特别烦躁，他的家人还警告他不要访问一些被称作“篱笆”另一边的地方，那里其实是德国人的集中营。然而，在好奇心的驱使下，他穿着好朋友希姆尔（一个生活在集中营的犹太男孩）给他带的集中营的一件带条纹的囚衣（他以为是睡衣），混进了“篱笆”里，想一探究竟；然而，命运却和他开了一个天大的玩笑，他正赶上集中营转移杀害集中营中的犯人，他从此再也没有从集中营中走出来。这本书透过一个孩子的眼睛来讲述二战中德国集中营中的情景，以一个纳粹军官的孩子的视角来审视那个一特殊的年代。
https://book.douban.com/subject/5267345/,最后的歌,真爱，是勇于承担，是一份坚定的责任。谁都会有成长的烦恼、理想的取舍、爱情的抉择。唯有真爱能化解一切，点燃希望之歌。离婚的钢琴教授史蒂文独居故时的海边，越来越感觉到错过了生命中最宝贵的东西――对孩子和家庭的爱。家族遗传的胃病一直困扰着他，他知道自己已时日无多，想最后创作自己一首属于自己的歌。有时，人生就像一首歌。17岁判逆的女儿罗妮因为幼时父母离异与父亲疏远，也因此放弃了深爱的钢琴表演。这个暑假母亲刻意安排她和弟弟乔纳从纽约到海边与父亲史蒂文相聚，一系列的事故让这次海边之行变得曲折又离奇。在小岛上和父亲一起的日子，罗妮渐渐知道了真相，领悟了父亲的真爱，在最后的珍贵时光里，她替父亲写完了那首歌。看着父亲在歌声中微笑着离开了人世，罗妮也感觉到新的人生开始了。这是父亲生命中的最后一首歌，也是女儿新生活的第一首歌。这个多事的假期罗妮还经历了一场突如奇
https://book.douban.com/subject/5921783/,瓶中信,《瓶中信》内容简介：一次偶然的机会，特丽莎发现了一个漂流瓶，瓶中有一封署名为盖瑞特的信。她被信中的深爱打动了，她很好奇，这个让人如此心痛的男人究竟有怎样的遭遇？之后她又陆续发现了几封同样的信，循着信中的线索，她终于如愿与盖瑞特相识。在特丽莎的眼里，盖瑞特是个英俊且多情的男人，他一直无法摆脱妻子离世的悲伤。特丽莎虽然能够感受到盖瑞特对她的爱，但不是全部，她为此黯然神伤。多情的男人和执著的女人，他们的感情在命运的安排下就此展开……
https://book.douban.com/subject/5297291/,大而不倒,该书通过一幕幕生动的场景描述，向读者客观而详尽地展现了金融危机发生之后美国主要监管机构和投行的众生相。在这部作品中，你可以看到雷曼是如何一步步地自断生路，监管机构是如何在“政治正确”的牵绊下做出选择，各大投行又是如何在人人自危的环境下力求自保。前所未有的访谈，不曾公开的华尔街决策内幕，揭示了美国经济萧条如何发展成全球金融危机，再现了从银行到政府再到整个美国身处金融危机第一现场的反应。
https://book.douban.com/subject/6265782/,闪灵,令人窒息的恐怖经典！“恐怖大师”斯蒂芬?金的巅峰之作！小男孩丹尼天生具有一种超感预知的能力――“闪灵”。他带着不祥的梦兆，随父亲杰克?托兰斯和母亲温迪来到了科罗拉多州深山中的好望宾馆――杰克为生计所迫，不得不担任漫长冬季的宾馆看守人。自从杰克一家住进好望宾馆后，离奇诡异的事件接二连三地发生：被杀虫剂杀死的黄蜂成群复活，剪成动物形状的树篱蠢蠢欲动，无人的房间里响起咚咚的脚步声……杰克无意中在地下室的旧纸堆中发现了关于宾馆历史的剪报簿，沉迷其中，精神日渐委顿。空寂阴森的宾馆使一家人的内心狂躁不安，沉重怪诞的寂静中，疯狂与绝望正在蔓延……丹尼的“闪灵”越来越强烈了。在这大雪封山、与世隔绝的好望宾馆中，除了托兰斯一家人，黑暗深处还有谁在与他们共享宾馆呢？
https://book.douban.com/subject/3243069/,101只斑点狗,，它讲述的是一对漂亮的花斑狗生了15只小狗。这些小狗被人偷走，与其他狗狗的帮助下，两只斑点狗历尽艰险，终于战胜了凶狠的坏人，救出了自己的儿女和其他被抓的小狗，平安回到主人家。
https://book.douban.com/subject/3290031/,罗丹岛之恋,就在这个周末，她与一个陌生人坠入爱河，从此再也不会爱上任何人。你是否找到值得回味一生的真爱？如果你已花费大半生去寻找，如今仍两手空空，那么，在你的后半生还能否有此奢望？荒僻的美景，孤独的游客，偶然的邂逅，燃烧的激情……在这座被暴风席卷的罗丹岛上，艾德琳与保罗仿佛迷航的小船短暂的交会，竟成为彼此永不磨灭的印记……我们是否找到了真爱？如果我们已经用大半辈子去寻找精神上的伴侣而如今却两手空空，那么在后半辈子是否还能有此奢望？荒僻的美景，孤独的游客，偶然的邂逅，燃烧的激情……女主人公在过去与现在的时空中自由地编织，没有人知道，14年前，在罗丹岛蔚蓝色的深深海底，曾发生过如何剧烈地暗涌。不羁的爱恋能否得到宽恕？逝去的生命能否获得救赎？……《罗丹岛之恋》让我们深深了解，世间有一种爱，是能够超越时限与生死。艾德琳多年的婚姻已进入疲乏期。为了暂时逃避，她前.
https://book.douban.com/subject/6451549/,辛德勒名单,《辛德勒名单》是澳大利亚“国宝级”作家托马斯?基尼利以真实人物和事件为基础创作的一部伟大的人道主义历史小说，为奥斯卡?辛德勒这个纳粹党员、发了战争财的工业家作传，重现和探索了他之不惜冒身家性命的危险，拯救出一千三百多名犹太劳工的历史史实和心理过程。基尼利要写出在最黑暗的历史时刻，在面临历史上空前的人类浩劫时，人的精神所具有的伟大力量，同时又竭尽全力要为辛德勒“去魅”，驱散笼罩在这个伟大的拯救者、上帝的替身、犹太民族的“大义人”身上的光环和“迷思”，还他这个“如此含混复杂又如此崇高伟大的人物”的“真身”。所以他决定以小说的形式去展现这个人物，但同时又“力避一切向壁虚构”，所有的事件，哪怕最琐碎的细节全部都有历史文件以及当事人的回忆作为支撑。虽然基尼利的这种创作方式导致《辛德勒名单》在获布克奖后，引起这到底是纪实还是小说的争论，事实证明这种创作方法取得
https://book.douban.com/subject/5941555/,大地惊雷,十九世纪下半叶，内战结束不久的美国南方，治安混乱，盗贼横行。十四岁的少女马蒂・罗斯生性倔强，因父亲被恶人钱妮杀害，决议为父寻仇。他找到当时威名赫赫的联邦执法官考伯恩双方达成交易，一起捉拿凶犯；再加上因钱妮的前科而从德克萨斯一路寻踪而来的骑警拉伯伊夫，三人共同踏上了一场前途未卜的追凶之路・・・・・
https://book.douban.com/subject/5289426/,在云端,瑞恩・布林厄姆供职于美国内布拉斯加州奥马哈市一家专为其他公司提供裁员服务的公司，一年有300多天辗转于全国各地解雇他人，几乎以机场为家。在一次例行裁员旅行中，瑞恩遇到了商务美女亚历克斯，二人一见钟情，却都满足于维系随意的性伴侣关系。与此同时，瑞恩公司的大学生新人娜塔莉得到了公司总裁的青睐，竭力推广通过网络视频会议远程裁员的改革。瑞恩反对变革，却不得不带娜塔莉四处实习熟悉业务……
https://book.douban.com/subject/6732278/,一江流过水悠悠,陆谷孙教授新译，电影《大河恋》原著学者暮年讲述亲情、感人至深的美国文学新经典《瓦尔登湖》之后回返自然，细腻真淳的哲思佳品典雅文字咏叹似水哀愁，简素插图追摹林壑清美。美国西部小 城密苏拉，山林环抱，大河流淌，河中鳟鱼肥美。长老会牧师的儿子，诺曼和保罗，在浓郁的宗教氛围中长大，并习得了一门被他们奉若宗教的蝇钓技艺，弟弟保罗更是此中高手。兄弟情意甚笃，工作后分居两地，仍不时相约垂钓。但性情刚硬又嗜赌的保罗偏离了生活的安全轨迹，终致盛年早夭，也令挚爱却无法理解和帮助他的亲人哀痛不已。多年后，退休的诺曼再次来到古老的大泥腿河畔，回忆起兄弟二人和老父一起垂钓的情景，往事悠悠，哀思逐水流。诺曼似乎在岩石下喁喁细语的水声中听到了逝者的
https://book.douban.com/subject/1215344/,超级礼物,当史蒡芬家族接获瑞德叔公的死讯时，每个人都在凯觎他丰厚的遗产，年轻的杰森・史蒂芬也不例外。在遗产分配会议上，其他亲属一个个领着价值百万美金的礼物出去，排在最后的杰森际遇却是不同，只得到了一卷家庭录影带。请来加入杰森历时一年的扭转人生之旅，一起体会他的投资与回报，在扣人心弦的故事情节中，跟着杰森一起成长。
https://book.douban.com/subject/1228110/,天使与魔鬼,虔诚的上帝信徒――欧洲原子核研究组织的杰出科学家列奥纳多・维特勒毕生致力于以科学的手段证明神的存在。他和其养女、神秘妩媚的科学家维特多利亚在实验室里进行高度机密的试验，成功地制造出了一种极其强大的能量――“反物质”。在这个重大发现尚未对外公布时，列奥纳多在实验室里惨遭杀害，一颗眼珠被凶手挖走，胸口上赫然印着一个神秘的标记――“光照派”！更令人震惊的是，藏在地下的反物质不翼而飞。哈佛大学的符号学专家罗伯特・兰登应欧洲原子核研究组织首领之邀，前来调查这个神秘的符号。就在他到达的当天，失踪的反物质在梵蒂冈城地下某处被人发现。离开了实验室的反物质，会在二十四小时之后自行爆炸。这天正是天主教教皇选举日。来自世界各地的天主教首领会聚在梵蒂冈城，藏在地下的反物质就如同一枚定时炸弹，如不能及时找到，整个梵蒂冈城便会在顷刻间灰飞烟灭。形势刻不容缓，兰登与维特多利亚.
https://book.douban.com/subject/2265995/,大象的眼泪,虽然雅各绝口不谈往事，但一个说不出口的秘密仍旧蛰伏在他九十多岁的心灵深处。雅各衣食无忧的单纯生活在23岁时戛然而止：父母双亡，身无分文，被迫从兽医名校肆业出逃。因缘际会，他成为“班齐尼兄弟天下第一大马戏团”的兽医，沿着铁路线巡回表演，亲历了1930年代美国大萧条时期最光怪陆离之所。马戏团，一个对生与死都以其独特方式呈现的世界。在这里，畸型人与小丑轮流献艺，喜怒哀乐同时上演。对雅各而言，马戏团是他的救赎，但却也是人间的炼狱，是他梦想的驻扎之地，也是流离失所的开始……他爱上了马戏团明星玛莲娜――美丽又楚楚可怜的玛莲娜已经错嫁给了外表英俊、内心残暴的马戏总监奥古斯特。一头名叫萝西的大象，是马戏团主倾家荡产押下的法宝，却居然连最简单的命令也无法听懂。低鸣、哀哭、长嚎，萝西每日在奥古斯特残暴的象钩下受尽折磨。雅各、玛莲娜，萝西，两人一象在舞动、飞跃、空翻、
https://book.douban.com/subject/5283663/,另一个波琳家的女孩,波琳家的一对姊妹安妮与玛丽，犹如硬币的两面，一体共生，相反相成，她们之间的竞争势将持续到生命终止。为获显赫的家族地位，玛丽和安妮相继入宫，以期得到国王的青睐。她们的任务如此相似：当一个波琳女孩获得宠爱时，另一个必须不遗余力地支持。这样的同盟关系掺杂了算计和仇恨，但仍不能切断手足之情。在社交场的虚伪和做作面前，青春、幻想还有爱情逐一消逝，玛丽感到了迷惑。在认清王室奢华背后的无常与残忍后，她最终选择同一个普通的马夫长结合，隐居乡间过着平凡而幸福的生活。安妮却不愿放弃上流社会，摆在她面前的道路已然通往王后的宝座，即使这是那么的血迹斑斑，充满罪孽。然而无论地位尊卑，作为一个国家的王后，她们永远只有两件武器：年轻貌美和传接子嗣。命运无情地嘲弄了安妮――在经历多次流产几至不孕后，她唯有做一次惊人的冒险，然而毁灭也已接踵而至……――――――――这部引人入胜的小..
https://book.douban.com/subject/4881998/,猜火车,住在苏格兰爱丁堡附近没落小镇雷斯的年轻人，瑞顿、西蒙、丹尼和卑比，靠领取和诈骗救济金为生，生活中除了毒品，就是酒精、暴力和女人；生活周遭，不是失业者、在社会底层挣扎求生的人，就是臭味相投的小混混。瑞顿虽然一心一意要戒毒，但总是没戒多久就又毒瘾发作而放弃；西蒙爱吸安非他命，但是更爱性，生活中除了安非他命，就是女人；丹尼个性懦弱，不愿伤害别人，却总是被人伤害；卑比是个暴力狂，爱充老大，总是领头做坏事这四个从小一起长大的同伴，经历过好友罹患艾滋病、朋友吸毒而截肢、兄长从军误中陷阱被炸死等事件之后，决定联手干一票大买卖，打算分赃之后，各自过自己梦想中的美好人生。没想到，最受大家信赖的瑞顿，竟然背叛了多年好友……《猜火车》小说版的文字比电影版更猛。 　　看了电影版而没看小说，或是因为没看电影版所以不敢看小说，都很可惜：对于当前英文俚语最有影响力的文学作品.
https://book.douban.com/subject/6003996/,恋恋笔记本,《恋恋笔记本》：热闹的纽斯河夜晚，诺亚认识了年轻貌美的艾丽，虽然家世背景不同，他们却彼此吸引、无法自拔。艾丽的突然离去使这段恋情戛然而止。失望的诺亚毅然参军，二战后，诺亚回到北卡罗来纳州，依然对十多年没有联系的艾丽魂牵梦绕。艾丽要和一位富有的律师结婚了，却无法停止思念偷走她心的那个男孩。艾丽从报上偶然看到诺亚回来的消息，她想知道他是否安然无恙，是否仍深爱着她。一段最辛酸、最动人的爱情由此展开……  
https://book.douban.com/subject/1018136/,动物庄园,用动物对人类抗争后自建家园来再现前苏联的整个历史情形，奥威尔的《动物庄园》被公认为二十世纪最杰出的政治寓言。《动物庄园》被译成二十多种文字在全世界流传，其中的有些语言还变成了人们的口头禅，和《1984》并称为乔治?奥威尔最重要的代表作。此版本收有小说的英文原文。本书以隐喻的形式写革命的发生以及革命的背叛，自然还有革命的残酷：一个农庄的动物不堪主人的压迫，在猪的带领下起来反抗，赶走了农庄主；它们建立起一个自己管理自已的家园，奉行“所有动物一律平等”的原则；两只领头的猪为了权力而互相倾轧，胜利者一方宣布另一方是叛徒、内奸；猪们逐渐侵占了其他动物的劳动成果，成为新的特权阶级；动物们稍有不满，便招致血腥的清洗；统治者需要迫使猪与人结成同盟，建立起独裁专制；农庄的理想被修正为“有的动物较之其他动物更为平等”，动物们又回复到从前的悲惨状况。明眼的读者自可看出，... 
https://book.douban.com/subject/1262142/,穿PRADA的女魔头,　　小说中，刚刚大学毕业的安德里亚通过考试，进入挤满时尚杂志社的伊莱亚斯大楼，开始为这本美国销量最大、最有声望的《天桥》服务。她是主编米兰达的初级助理。不过帮助这个时尚界最有影响力的女人完成日常事务、看她编辑杂志、会见作家和模特到底意味着什么？米兰达是魔鬼一般的女人――她穿零号一线时装，吃熏肉、冰淇淋加喝星巴克却从不发胖，每天看九种报纸和七种杂志，嗜好爱玛仕纱巾，永远弄不清助理的名字。安德里亚任何时候都紧张焦虑。她终于发现自己没法再和男友保持正常关系，在巴黎的时装秀场，不知名的助理对时尚界的传奇人物说出了惊天动地的话……　　本书锋利地劈开时尚生活和时尚中人的真相，告诉你所谓时尚的多面性，特别是人在时尚面前的真实与脆弱。　　作者劳... 
https://book.douban.com/subject/2033808/,巴黎圣母院,长篇小说《巴黎圣母院》是法国文豪维克多・雨果第一部引起轰动效应的浪漫派小说。小说以十五世纪路易十一统治下的法国为背景，通过一个纯洁无辜的波希米亚女郎惨遭迫害的故事，揭露了教士的阴险卑鄙，宗教法庭的野蛮残忍，贵族的荒淫无耻和国王的专横残暴。作品鲜明地体现了反封建、反教会的意识和对人民群众的赞颂。
https://book.douban.com/subject/2132092/,道林・格雷的画像,天生漂亮异常的道林格雷因见了画家霍华德给他画的真人一样大的肖像，发现了自己惊人的美，又听信了亨利爵士的吹嘘，开始为自己韶华易逝，美貌难久感到痛苦，表示希望那幅肖像能代替自己承担岁月和心灵的负担，而让自己永远保持青春貌美。他的这个想入非非的愿望后来却莫名其妙的实现了。他开始挥霍自己的罪恶，最后这幅肖像却成为了记录恶行的证据，他因肖像而生也因肖像而死。
https://book.douban.com/subject/3596322/,隔离岛,波士顿海湾。一座与世隔绝的小岛。66名精神病罪犯被关押于此，传言岛上正在进行种种人体实验。重重戒备之下，一个杀害了三个亲生孩子的女犯雷切尔，竟诡异失踪。联邦执法官泰迪的妻子死于一场离奇大火，纵火之人也被关押在此。泰迪奉命上岛寻找雷切尔的下落，并借机调查妻子遇难真相。他查遍全岛，意外发现岛上多出一份神秘档案，第67号！岛上所有秘密无不纠结于这个多出来的人。谁是67号？一脚踏空，一个绝对料想不到的结局，让人陷入一个疯狂、诡异、悲伤的梦魇……
https://book.douban.com/subject/4247000/,欲望号街车,田纳西・威廉斯（1911-1983），一位美国戏剧的标志性人物，一个备受争议的传奇天才，代表作有《欲望号街车》，《玻璃动物园》及《热铁皮屋顶上的猫》等剧。《欲望号街车》无疑是威廉斯诸多作品中的扛鼎之作，女主人公布兰奇是典型的南方淑女，家庭败落以后，不肯放弃旧日的生活方式，逐渐堕落腐化，后来不得不投靠妹妹斯黛拉。但又与妹夫斯坦利粗暴的生活方式格格不入，继而遭妹夫强奸，最后被送进疯人院。现代社会中野蛮残忍的势力无情地蹂躏温柔优雅的弱者，《欲望号街车》无疑是向社会发出了一声振聋发聩的嘶喊――是谁把布兰奇逼疯了！1947年该剧在纽约上演后获得巨大成功，囊括美国三项戏剧大奖：普利策奖、纽约戏剧奖和唐纳德森奖。阿瑟・米勒称“《欲望号街车》的首演等于是在商业戏剧的土地上插上了一面美的旗帜。”
https://book.douban.com/subject/4097170/,时间旅行者的妻子,相遇那年，她六岁，他三十六岁；结婚那年，她二十三岁，他三十一岁；离别后再度重逢时，她八十二岁，他四十三岁。如果生命是一场旅行，亨利的旅程肯定比常人更加迂回，患有慢性时间错位症的他，会不知不觉地游离在时间之间。他以为他在二十八岁时第一次遇到他二十岁的妻子克莱尔，而克莱尔却说：“我从小就认识你了。”和克莱尔结婚多年后，亨利却又突然发现自己回到了童年，而这次遇见的却是六岁的克莱尔。因为那些不由自主的消失，亨利会亲眼目睹幼小的自己一遍一遍遭遇那些过往，而他却只能旁观、重复品味着那些快乐、悲伤和痛苦。可是在时间的正常旅途中行走的克莱尔呢？她被亨利远远抛在了后面，焦急地渴望着爱人能早日回到身边。克莱尔虽然拥有时间，却只能通过触摸亨利来触摸时间。是什么过滤着这一对恋人炙热的爱意，又是什么推动他们在复杂交错的命运中勇敢地探索，终于让时间在爱面前也变得微不足... 
https://book.douban.com/subject/3640067/,革命之路,《革命之路》系美国被忽视的文学大师理查德・耶茨的处女作，也是他最广为人知的作品，出版于1961年，当年即获得美国国家图书奖提名，与《第22条军规》、《看电影的人》一同入围；2005年又被《时代》周刊评为百大英语小说经典之一。2009年1月，根据原著改编的同名电影一举摘得金球奖剧情片最佳女主角桂冠，并获得奥斯卡奖提名。20世纪50年代，弗兰克和爱波夫妇生活在郊外革命路上的革命山庄。弗兰克是个上班族，爱波在家养育一对儿女，兼做业余演员。天长日久，两人厌倦了这种无聊的生活，争吵不休。爱波建议他们抛弃革命山庄的一切，迁往巴黎寻找激情与梦想。弗兰克知道后很是兴奋，但别人并不以为然。恰在此时，他得到难得的晋升机会，爱波也再次怀孕。大好前途当前，弗兰克背叛了自己当初的想法，并设法要妻子留下。但他的计划被戳穿，爱波与其大吵一番后，决定流产，意外发生了……深受打击... 
https://book.douban.com/subject/3263006/,飞越疯人院,精神病院里，大护士以严厉的手段、冰冷的器械和冷酷的心肠统治病人们，试图把他们改造为柔顺的、规矩的、毫无个性的机器。病人们饱受大护士和黑男孩护工的凌虐，直到不受约束的麦克墨菲进入了疯人院。在病人中，印第安人布罗姆登最懂得体制的力量，即便麦克墨菲仿佛一步步走向胜利，把狂欢节的氛围传播到整个病房，但布罗姆登知道更严酷的压制在等待着他们。最后当麦克墨菲从手术室被送出来，变成了一具眼神空洞的塑料娃娃，正要被大护士当成杀鸡儆猴的标本时，布罗姆登知道，他只能以某种方式来维持麦克墨菲的胜利，给予大护士最后的一击……窗外月色冰冷，胆怯而沉默的印第安人敲碎了窗户，逃离这个疯人院。疯人院实际上是当时美国社会的一幅缩影，恰好同金斯堡在其《嚎叫》中的那一声“我看见我这一代的精英被疯狂毁灭”相呼应，发人深醒。“大护士”则是《嚎叫》中的邪恶火神摩洛克的象征，代表美国资本－... 
https://book.douban.com/subject/3517504/,情迷六月花,《电影文学馆?情迷六月花》中1931年，法国巴黎，亨利-米勒正在从事《北回归线》的写作，而阿娜伊丝?宁也在无关痛痒地写着分析劳伦斯的文章，第一次遇见来路文森居所做客的亨利?米勒，二人即擦出炙热的情爱火花，亨利美艳的妻子琼随之加入，宁同时爱上了这一男一女，二三人三情三性，纷乱撕扯的爱情纠葛由此开始。
https://book.douban.com/subject/3716506/,路,核子战争爆发十年之后，地球几乎成为一片废墟，阴暗凄冷。幸存下来的人多数同类相食，少数则孤独地挣扎求生。在这种荒凉绝望的境遇中，一对父子行走在求生之“路”上。为了躲避严寒，他们向南方海岸前进。在路上，父子俩总要克服难以想象的饥饿、寒冷和追杀，被迫目睹世间惨象和人性崩溃。他们相依为命，希望自己能做“好人”。但是严峻的考验在前：生存，还是放弃人性？父子俩的“路”能够穿过这个困境吗？
https://book.douban.com/subject/2052580/,神秘河,《纽约客》静静的神秘河畔，十岁的大卫不幸被人绑架并遭受性侵犯，突如其来的变故，将他与形影不离的好友吉米与西恩的友谊，击得粉碎。二十五年后，吉米十九岁的女儿凯蒂惨遭谋杀，案件再次将他们绑到了一起：负责这起案件侦破的警官西恩，抽丝剥茧，慢慢揭开了案件“真相”――首要嫌疑指向大卫！当吉米枪杀大卫并将他沉入神秘河的同时，谋杀案的真凶却意外地浮出水面……小说以纵横千里的笔力、层出不穷的悬念、目不暇接的紧张气氛，将一出凶杀案的纵深脉... 
https://book.douban.com/subject/3788397/,豺狼的日子,《豺狼的日子》内容为：一九六三年，一名杀手受雇刺杀法国总统夏尔・戴高乐，除了“豺狼”这个代号，全世界任何情报组织都对此人一无所知。刺杀戴高乐只有百分之一的可能，但对于“豺狼”这样的顶尖高手来说，这已经是百分之百的胜算。他杀人无数，从未失手；他身手非凡，冷酷无情。对来他说，唯一的准则是就是杀手的职业准则，最大的敌人就是还活着的目标。每次“豺狼”都能领先一步，逃出警方布下的罗网。面对危险之极、高深莫测的“豺狼”，整个法国警方都束手无策，只能寄希望于一位低级别的警长，因为每个人都知道他实际上身怀绝技。历史的命运维系在两个人之间这场尊严与智力的较量之中。
https://book.douban.com/subject/1394364/,银河系漫游指南,地球被毁灭了，因为要在它所在的地方修建一条超空间快速通道。主人公阿瑟・邓特活下来了，因为他有一位名叫福特・长官的朋友。这位朋友表面上是个找不着工作的演员，其实是个外星人，是名著《银河系漫游指南》派赴地球的研究员。两人开始了一场穿越银河的冒险，能够帮助他们的只有《银河系漫游指南》一书中所包括的无限智慧。旅途中，他们遇上了一批非常有趣的同伴：赞福德・毕博布鲁克斯：长着两个头、三条胳膊的银河大盗，他的另一个身份是银河帝国总统。崔莉恩：赞福德的同伙，除阿瑟・邓特之外惟一一个幸存下来的地球人。事实上，阿瑟从前认识崔莉恩，而且曾经试图勾搭人家，可惜没有成功。马文：天才机器人，疑心病极其重，极其沮丧，极其唠叨。这些人物结成一个小团队，他们将揭开一个骇人听闻的大秘密……
https://book.douban.com/subject/1492928/,陪我走到世界尽头,十一岁的少年默，遇见了伊博罕先生，两个完全不同的年龄，不同世界的人，改变了彼此的一生。这是一本感人的书，关于父子关系的新解释，也关于不同年龄的互相扶持。绝望的父亲培育出充满仇恨的儿子，结果要靠另一个浪漫又有包容心的男人改变这个儿子的未来……“摩摩，假如你必须偷东西，就到我的店里偷把。”就从这天起，摩摩和伊博罕先生成了朋友。摩摩是一个11岁的小男孩，被父母抛弃的他，只能用自己的方式“长大”，证明自己值得被爱。他偷窃，上妓院，直到伊博罕先生的出现，让他改变了一生。伊博罕先生是摩摩家楼下的杂货店老板，他和摩摩建立起一段亦父亦友的关系。他跟摩摩谈新，带他去旅行，去认识世界。一点一点地柔软了摩摩对父母，对世界地怨恨。摩摩学会了爱自己，学会了和生命中的不完美妥协，重新过生活，体会人生，了解了生命和爱的意义。摩摩，真正的长大……本书一推出就在欧... 
https://book.douban.com/subject/3113152/,伯恩的身份,他没有过去，也可能不再会有未来。他只知道自己被人从地中海捞起时，身上遍布了弹孔。他动过整容手术，臀部皮下还藏着微型胶片，其内容是一组数字……这些线索引领他来到了苏黎世银行，却发现一个陌生的身份，和一个四百万美金巨款的神秘账户！但他的出现引来了一连串追捕与谋杀。在这场致命的谜团中，他只能奋力挣扎求生，并试图找回他失去的记忆和真正的身份。他曾在黑暗的大海里被人救起；而此刻，他即将闯入另一个更险恶、更令人惊惧的黑暗中。他心思细腻，满怀恐惧，茫然迷惑。他的内心潜藏着无穷的暴力，然而，却又那么悲天悯人。同时，他还有一种可怕的能力，足以和一个不为人知的世界抗衡搏斗。他究竟是什么来历？他在哪里学到这一身本事？巴黎，马赛，苏黎世……甚至在那遥远的东方，他和那里到底有什么关联？他就是杰森・伯恩……试读：http://www.wenjingbook.com/wj... 
https://book.douban.com/subject/3821057/,搏击俱乐部,《搏击俱乐部》：一个美国年轻白领为了克服自己的失眠症，参加了许多心理治疗小组，却没有丝毫改善，直到他遇见泰勒?德顿，一个充满野性的肥皂制造商。为了应对生活的空虚，他俩建立了一个地下组织――搏击俱乐部，宣泄朝九晚五工作的压抑与无奈，谁知这个组织得到了年轻人的热烈欢迎，以异乎寻常的势头发展开来。年轻白领发现这个自己一手创建的组织已经非常难以控制，泰勒?德顿的身份也很令人怀疑，他必须要采取行动……
https://book.douban.com/subject/3622445/,贫民窟的百万富翁,《贫民窟的百万富翁》讲述了十八岁的酒吧服务员罗摩，生活在孟买的贫民窟里。他参加了一个名为《谁将赢得十个亿》的电视知识问答竞赛，竟然奇迹般地连续答对了十二个问题，一举赢得最高累积奖金――十亿卢比。罗摩是个穷困的孤儿，从未上过学，甚至从不读报，他又怎能知道这十二个有关天文、宗教、历史、体育、文学等问题的答案呢？警察以涉嫌作弊为由拘捕了罗摩，并严刑逼供。一个神秘女律师的出现解救了他，随着女律师的调查，罗摩充满悬念、挑战与苦难的人生旅程――上演，印度社会各个层面的人物与生活也随之铺陈开来……
https://book.douban.com/subject/3537590/,朗读者,战后的德国萧条破败，一个15岁的少年在电车上病倒了，他独自下车，行走在滂沱大雨中，最后在一个逼仄的过道里吐得一塌糊涂，一个36岁的陌生女人帮助了他……3个月后，少年伯格从突如其来的猩红热侵袭中恢复过来，他只是为了去感谢那个曾经在他生病时给予过他帮助的女人，但是，情欲，或者是爱情，在15岁的少年伯格心中渐渐燃烧起来。电车售票员汉娜总是让伯格为她朗读，《荷马史诗》、《带小狗的女人》、《战争与和平》，在伯格的朗读中，汉娜像个孩子似的时而痛哭，时而大笑，那个夏天，是他们一生中最短暂最快乐并最终影响了后来岁月的时光……
https://book.douban.com/subject/4097161/,肖申克的救赎,本书是斯蒂芬・金最受人喜爱的代表作，收录了他的四部中篇小说。其英文版一经推出，即登上《纽约时报》畅销书排行榜的冠军之位，当年在美国狂销二十八万册。目前，这本书已被翻译成三十一种语言，同时创下总共四篇小说中有三篇被改编成轰动一时的电影的记录。其中最为人津津乐道的便是曾获奥斯卡奖七项提名、被称为电影史上最完美影片之一的《肖申克的救赎》（又译《刺激一九九五》）。这部小说展现了斯蒂芬・金于擅长的惊悚题材之外的过人功力。书中的另两篇小说《纳粹高徒》与《尸体》拍成电影后也赢得了极佳的口碑。其中《尸体》还被视为斯蒂芬・金最具自传色彩的作品。
https://book.douban.com/subject/4038641/,撞车,詹姆斯发生了一场不幸的车祸。这车祸非但没让他感觉恐惧，反而竟获得了安宁和力量。那力量是心理上的，更是生理上的。一次巧合的机缘，让詹姆斯结识了冯。冯是一个脸上有着刀疤的男子。对冯而言，车祸并不是死亡和毁灭，而是重生和力量。只有车祸的那一瞬间，才能让人获得最大程度的快感，臻至向来无法触及的――肉欲极限！
https://book.douban.com/subject/1958141/,太阳帝国,两个月以后，吉姆在动身去英国的前夕，从阿拉瓦号舷梯下来，最后一次踏上中国的土地，他想起了伦塞姆医生的话。吉姆身穿丝衬衫，系领带，外面是一套从先施公司买来的灰色法兰绒套服，彬彬有礼地等待一对年老的英国夫妇走下木梯。在他们的下面，是上海外滩，和城市之夜的繁华。成千上万的中国人拥挤在宽阔的马路上，在电车和汽车缝里，在美军吉普和卡车缝里，在人力和三轮车缝里，你推我挤，熙熙攘攘。他们一起观看英国和美国军人进出外滩的大饭店。在阿拉瓦号旁边的小码头上，在它的船首和船尾的遮掩下，美国水兵从停泊在江心的巡洋舰来登岸。他们从登陆小艇一上岸，中国人就蜂拥而上，成群结队的扒手和车夫，妓女和洒吧拉客的，叫卖自制尊尼获加威士忌的，买卖黄金和鸦片的，所有这些身穿黑绸衣裤、狐皮大衣和华丽服饰的上海游神。
https://book.douban.com/subject/3597031/,杀死一只反舌鸟,本书获1960年普利策奖。三十年代，美国大萧条时期南部的一个小镇，三个天真孩子的生活因为两桩冤案而改变。羸弱而失语的人、固守太多偏见的无知的人，还有恪守原则的善良的律师父亲，迫使他们艰难地去理解成人世界里的偏见和冷漠，去理解真相所包含的危机和无奈，同时试着去理解，坏人的 内心也可能无辜。
https://book.douban.com/subject/4250271/,梦幻故事,施尼茨勒情欲经典，库布里克的床头书，《大开眼戒》剧本原著。……年轻的医生费多林与妻子生活在二十世纪初的维也纳。在一次轻浮的舞会之后，妻子草率地透露了自己曾经的艳遇与性幻想。在妒火与压抑之下，费多林深夜里走出家门，去为一个老病人送终，却不自觉地踏上了一场意外的性冒险之旅。一系列神秘、惊悚、荒诞的奇遇令他命悬一线，险些不得脱身……
https://book.douban.com/subject/1084976/,狂恋大提琴,五岁即展示过人的禀赋，16岁开始职业生涯，才华与年龄的落差倾倒众生；1973年被确诊罹患多发性硬化症，遂千别舞台，卒于盛年――这就是英国大提琴演奏家杰奎琳・杜普雷（1945－1987），一个为音乐而生的人。《狂恋大提琴》是她的姐姐希拉里与弟弟皮尔斯在1997年合著的传记，其中披露了许多鲜为人知、甚至可以说惊心动魄的舞台背后的故事。据此书改编的电影《她比烟花寂寞》曾获奥斯卡提名。
https://book.douban.com/subject/2980471/,赎罪,13岁的布里奥妮・塔利斯拥有十分丰富的想象力，颇有作家天分。一天，来塔利斯家小住的布里奥妮的表姐遭人强暴，先前一直对管家的儿子罗比抱有误解的布里奥妮武断地认定罗比即是罪犯，并出庭指证他，罗比因此入狱。但坚信他无罪的布里奥妮的姐姐塞西莉娅不惜与家人断绝关系，执着地与他相爱。三年半后，罗比出狱，当时正值二战期间，他加入到保卫祖国的战斗中，塞西莉娅随后应征入伍，布里奥妮也成为红十字会医务人员。时间让一切事情的真相渐渐浮出水面。再次直面罗比和塞西莉娅，布里奥妮深深地忏悔，离开时，罗比和塞西莉娅手牵手走在她身后，只是，这一切都不是在现实中……
https://book.douban.com/subject/3275016/,忧郁星期天,《忧郁星期天》，1930年由匈牙利作曲家Rezso Seress写出的一首动人乐曲。在纳粹当道的二次大战期间，世局动荡，人心惶惶，许多人在听了这首凄美乐曲，不禁动了轻生念头，同时选在星期日自杀。这股自杀风潮，从匈牙利开始蔓延至欧洲、大西洋彼岸，约造成140人自杀，最后遭到匈牙利、英国等地禁播。成了著名的自杀圣乐。尼克・巴科夫以这首《忧郁星期天》为创作灵感，撰写成小说。二战前夕，纳粹横行的布达佩斯，一位叫做查波的犹太商人经营着一家餐馆，在这个热爱生活、乐于享受的城市，他过得轻松而愉快。他雇佣了一位钢琴师，这位气质忧郁、才华横溢的钢琴师创作了一支曲子，名叫《忧郁星期天》。精明而宽厚的查波帮助钢琴师卖出这支曲子
https://book.douban.com/subject/1839557/,细红线,本书是詹姆斯・琼斯的 战争三部典的第二部，是战争文学的一部传世之作，曾被改编成电影《红色警戒线》，取得巨大成功。    本书讲述的是1942年美国陆军第205师的一个连在太平洋的瓜达尔卡纳尔岛上向日军发起的歼灭战。小说详尽地描述了这场腥风血雨、艰苦上卓绝的战斗，从部队搭乘运输舰远涉重洋在瓜岛登陆开始，长驱直入，殊死搏斗，全歼日本守军，到准备向下个战场新几亚进发为止。小说塑了众多人物，个个有血有肉，栩栩如生，深入讨论了在战争中发生的变化，追问了战争的意义。    美国小说家和评论家诺曼・梅勒在谈到这本小说时慨叹道：“小说对战争写得如此宽阔，如此真实……以致它可以当步兵学校的教科书使用。
https://book.douban.com/subject/1223764/,极地特快,心理学家认为：孩子们心中存在着一种相信的快乐。儿童的心理世界比现实更强大。孩子们在美丽的童话中找到了幸福。    电影《极地特快》的主演汤姆・汉克斯说：如果没有圣诞老人的话，那么围绕这一点的所有东西都成假的了，如果真的有的话，那么这个世界就变得充满神奇。我愿意为孩子们拍一部真正属于他们的电影，告诉他们相信奇迹，也等于告诉我们要保留纯真。    本书图像精美，文字简练，并配有相应的拼音，使得孩子在欣赏漂亮图画的同时，又学习了知识，可谓一举双得。
https://book.douban.com/subject/1451341/,铁拳男人,讲述了美国经济大萧条时期，一个业余拳击手在爱情的感召下打败世界重量级拳王的感人故事。作品取材于真人真事。20世纪30年代初，职业拳击手吉姆因伤离开拳坛， 尽管穷困潦倒、几乎绝望，但他牵挂着挚爱的家庭，美丽的妻子梅一如既往地爱他，鼓励他。为了能使全家不受饥饿折磨，吉姆回到激烈的拳击赛场，起初没有人相信他会成功。吉姆靠着爱情的神奇力量和超人的技能战胜了一个又一个对手... 
https://book.douban.com/subject/1292416/,香水,小说叙述一个奇才怪杰谋杀了26个少女的故事。其中每一次谋杀都是一个目的：只是因为迷上她们特有的味道。对格雷诺耶来说，每次都是一场恋爱，但是他爱的不是人，而是她们身上的香味；谋杀她们只是为了永远占有，并且拥有他所钟爱的那种没有感觉，没有生命的“香味”……这本书不是一部通俗的惊险小说，而是一部构思奇特，充满幻想，离意深刻的严肃作品；自1985年出版以来，始终高居德国畅销书排行榜前列，已被译成30余种文字。
https://book.douban.com/subject/3187665/,文静的美国人,《文静的美国人》是其“政治小说”方面的代表作。作品以越南抗法战争时期为背景，老牌殖民主义者法国面临失败，一个年轻而文静的美国人乘虚而入，靠一帮土匪搞恐怖活动，企图建立所谓的“第三种势力”，受害者还是无辜的老百姓。最后这个多行不义的美国人也遭到暗杀。作品对新老殖民主义的恶劣行经作了有力的揭露和嘲讽。同时，作品还描写了这个美国人及本书另一男主人公、英国某报社驻越南记者与一位漂亮的越南姑娘之间的一场爱情纠葛，大大增强了这部严肃作品的可读性。
https://book.douban.com/subject/3105462/,接触,研究外太空生命和地外文明的美女科学家发现了一组从宇宙中心织女星发来的神秘信号源，破解信号后发现，这是一个能够达到外星球的飞行器设计图。全世界的科学家组成了一个五人探险小组，邀请中国在内的五国科学家作为地球使者，对宇宙智慧的中心进行探访。小说真实地描写了这次接收大消息、制作大机器、穿梭黑洞飞抵大星系的冒险探访的全部过程。
https://book.douban.com/subject/2340609/,2001太空漫游,神秘的黑色石板在史前时代启蒙了地球人类的文明。三百万年后，人类在月球上发现了同样的石板，而石板在出土瞬间立即朝土星方向发射出电磁信号。美国派太空船“发现号”远征土星，追查真相。太空船的超级电脑“哈尔”发疯，害死三名冬眠中的太空人，并犯弗兰克・普尔变成太空漂流物，只有戴维・鲍曼逃过一劫。幸存的鲍曼独自抵达土星，又发现另一块更大的黑石板……在阿瑟・克拉克众多作品中，以“太空漫游”四部曲最为脍炙人口，他用丰富的第一手太空科学资料，创造出比现实太空科技更为创新的场景；而他扎实的科学背景，更使作品中提到的科技情节具有强大的说服力。 本书是“太空漫游四部曲”之一的《2001太空漫游》。
https://book.douban.com/subject/2042967/,木偶奇遇记,故事的主人公皮诺乔是个调皮的木偶，他天真无邪、头脑简单、好奇心强；他缺乏主见、没有恒心、经不住诱惑，屡次下定决心却总是半途而废。皮诺乔既没坏到无可救药，也没好到无可挑剔，而是和现实生活中的许多孩子一样，心地善良、聪明伶俐，但又缺点不少。无论是大人，还是小孩，读起来都特别有亲切感，仿佛皮诺乔就是我们身边的人，或者就是我们自己。作者把笔触深入到孩子的内心深处，用孩子的眼睛观察世界，用孩子的头脑思考问题，人物描写得栩栩如生，情节记叙得曲折动人，惊险迭起，引人入胜，使得读者能完全融入故事情节中，与主人公同喜同悲。
https://book.douban.com/subject/1812319/,船讯,本书讲述的是一个失败的中年男人重获新生的故事。纽约三流记者奎尔・卑微地苟活到36岁还从未得到过这个世界一次的肯定，在生活和婚姻全线崩溃后，带着两个幼小的女儿，和年迈的姑妈一道，回到祖居的加拿大纽芬兰岛、四十余年无人居住海边老屋，在内心同样伤痕累累的当地众多小人物的帮助下，终于摆脱了因丑陋相貌和失败人生所造成的心理阴影，找到了自己微小的人生位置，以及相应的事业和不再迟疑的爱情；而在这生存环境严酷到了极点的不毛之地，面对吞噬生命的大海、巨浪、冰雪、疾风，这一群边缘小人物互相援手，各自获得了生命的救赎和重生的欢悦。粗砺平淡的风格，压抑的深情如同潜流暗涌，全书仿佛是对那些被这世界唾弃却不自弃的边缘人、失意者内心褶皱和创伤的一次抚平与修复。
https://book.douban.com/subject/1474486/,艺伎回忆录,出生贫寒的千代年仅九岁就被父亲卖到京都o园地区一家艺伎馆“新田艺馆”。她美丽的蓝灰色眼睛招致艺馆头牌艺伎初桃的嫉妒，为她在艺伎训练期间带来重重阻碍。直至千代躲进初桃最大的对手、o园名伎豆叶的羽翼下，才结束她痛苦的日子。豆叶成为千代子的良师益友，并指导她，使她在艺伎界受到欢迎。很快地，千代成为豆叶的结拜妹妹，改名小百合，豆叶成功地为小百合安排了关系着一个艺伎成功与否的两件大事：一是以历史高价卖出小百合的“水扬”（初夜权）；另一个是为她找到一个强大的将军做她的“旦那”（赞助者）来供养她。    战后，将军无力继续成为她的赞助者，许多人竞相追求她。然而，她却又重新陷入为一位她渴盼、却无力争取的感情而痛苦着。岩村电器公司会长岩村坚曾经在小百合最低谷的时候鼓励她，安慰她，并在她心目中留下了不可抹灭的印象。随着时光流逝，小百合最热切的爱慕日益强烈，她想脱离重... 
https://book.douban.com/subject/2044028/,BJ单身日记,32岁的布莉琪・琼斯是一位单身女子，没什么野心和抱负，唯一的一点点愿望就是能减轻体重和找到一份真正的爱情，因为她虽然男朋友换了几个，总也找不到跟自己合拍的人。如果没有两个死党陪在身边，琼斯的生活必然过得更加枯燥无味、让人垂头丧气。于是，在新年到来的那一天，琼斯决定尝试一种新的生活，让一切从头开始。首先，她要做的就是开始记日记，把生活的方方面面都记录下来，让自己感到变化的喜悦。渐渐地，琼斯的日记成了一本最刺激、最浪漫、最疯狂的书，里面的内容从平时工作、周围的好友到锻炼、饮食、男人、性……经过一系列令人啼笑皆非的故事，每一页都能找到意料之外的惊奇，带给人贺岁的惊讶与欢乐……
https://book.douban.com/subject/1204179/,安娜・卡列尼娜,《安娜・卡列尼娜》是俄国著名作家列夫・托尔斯泰的代表作品，在19世纪的世界文坛堪称首屈一指的优秀作品。本书通过女主人公安娜的追求爱情悲剧，和列文在农村面临危机而进行的改革与探索这两条线索，描绘了俄国从莫斯科到外省乡村广阔而丰富多彩的图景，先后描写了150多个人物，是一部社会百科全书式的作品。贵族妇女安娜追求爱情幸福，却在卡列宁的虚伪、渥伦斯基的冷漠和自私面前碰得头破血流，最终落得卧轨自杀、陈尸车站的下场。庄园主列文反对土地私有制，抵制资本主义制度，同情贫苦农民，却又无法摆脱贵族习气而陷入无法解脱的矛盾之中。矛盾的时期、矛盾的制度、矛盾的人物、矛盾的心理，使全书在矛盾的漩涡中颠簸。这部小说是新旧交替时期紧张惶恐的俄国社会的写照。[1]
https://book.douban.com/subject/1904217/,苏醒,《苏醒》（1973年）一书基于一个真实经历，身为医生的萨克斯发现尚在试验阶段的新药L-Dopa对于那些从一战之后肆虐过的流行脑炎病症中幸存下来、却一直昏睡不醒的患者有意想不到的“唤醒”效果，这些昏睡了几十年、被认为“毫无希望”的男女，接受新药治疗后令人惊讶地“苏醒”过来重获“生命”。萨克斯记述了这些令人感动的病案，描述了他们的生活故事以及接受治疗后产生的超乎想象的转变。
https://book.douban.com/subject/1400705/,情人,杜拉斯代表作之一，自传性质的小说，获一九八四年法国龚古尔文学奖。全书以法国殖民者在越南的生活为背景，描写贫穷的法国女孩与富有的中国少爷之间深沉而无望的爱情。
https://book.douban.com/subject/3021566/,我是传奇,罗伯特・内维尔，人类的最后一名幸存者。但，他不是一个人。“它们”很奇怪，一到白天就躲着不敢出来，它们怕大蒜，它们会被尖木棍杀死，它们怕十字架是出了名的。而且，它们无法抵御吸食人血的渴望。白天，他在死寂的城市中寻找食物、供给和幸存者。天一黑，他就把自己反锁家中。“滚出来吧，内维尔！”此刻，它们正在屋外穿梭徘徊，窃窃私语。它们在等待・・・・・理查德・马特森描述的，不是一个仅仅充斥着恐怖和吸血鬼的世界，他开创了用科学手段、医学定义来刻画吸血鬼的写作方法。同时小说中弥漫着的对人、对世界的反省与思考，这是一个有点悲伤的故事，但将让你因人类面临绝境的挣扎、勇气与希望而感动。
https://book.douban.com/subject/1442744/,赎罪,时值1935年，13岁的布里奥妮・塔利斯拥有十分丰富的想象力，颇有作家天分；管家的锤子罗比在塔利斯先生的奖助下已经与布里奥妮的姐姐塞西莉娅一道从剑桥大学毕业，而且他俩情投意合。一个炎热夏日，塞西莉娅当着罗比的面，脱去衣服，跳进池塘戏水。这一切都被布里奥妮尽收眼底，恰逢当晚，来塔利斯家小住的布里奥妮的表姐遭人强暴；布里奥妮武断地认定罗比即是罪犯，并出庭做证指控罗比，罗比因此被捕入狱。但坚信他无罪的塞西莉娅不惜与家人断绝关系，执着地与他相爱。五年后，罗比出狱，当时正是二次世界大战期间，他参加到保卫祖国的战斗中，塞西莉娅随后应征入伍，布里奥妮也成为一名军队医务人员。经历世事之后的布里奥妮终于愧疚，主动走向罗比与塞西莉娅，为自己当年的所作所为道歉，但是无情的战争先后夺去了罗比和塞西娅的生命，留下布里奥妮活在深深的自责中而无法赎罪。
https://book.douban.com/subject/1101829/,最后的莫希干人,威廉・亨利堡司令的两个女儿前往堡垒探望父亲途中被劫，英军侦察员“鹰眼”和他的老友莫希干族酋长“大蟒蛇”钦加哥，以及钦加哥的儿子“快腿鹿”恩卡斯挺身而出，和劫持者展开了一场惊心动魄的大厮杀…… 詹・费・库柏被称为“世界伟大传奇小说家之一”，本书是他的代表作。巴尔扎克、歌德、莱蒙托夫和高尔基对其作品均给予高度评价。
https://book.douban.com/subject/1525761/,法国中尉的女人,小说中的故事发生在1867年的英国。富家子弟、化石学业余爱好者查尔斯・斯密森在小镇莱姆会见已经与他订婚的欧内斯蒂娜・弗里曼小姐，在海边，他遇见被人们称为“法国中尉的女人”的萨拉・伍德拉夫。据说这个女子“很堕落”，然而她身上那种极富女性魅力的特殊气质使查尔斯倾倒；他热烈追求萨拉，导致他与欧内斯蒂娜・弗里曼的婚约被解除……约翰・福尔斯在小说中批评了英国维多利亚时代社会的发展不平衡、科技进步没有造福于大多数人民等种种弊端，尤其猛烈抨击了当时社会道德意识上的守旧和虚伪，人们没有自由，相互之间缺乏理解，因此这部作品具有深刻的社会意义
https://book.douban.com/subject/2050767/,绿野仙踪,弗兰克・鲍姆（1856-1919），美国著名作家，“美国童话之父”。《绿野仙踪》是他的代表作。    《绿野仙踪》以虚构的奥芝国为背景，讲述美国堪萨斯州的小姑娘多萝西被龙卷风卷到了一个叫孟奇金的地方，好女巫指点她到翡翠城去找奥芝国大术士帮忙送她回家。路上，她先后遇到了稻草人，铁皮樵夫与小胆狮。他们结伴而行，克服了一个个困难，终于来到了翡翠城。但等待他们的又是想不到的麻烦……
https://book.douban.com/subject/2036561/,城堡,土地测量员K受命赴某城上任，不料却受阻于城堡大门外，于是主人公K同城堡当局围绕能否进入城堡之事展开了持久烦琐的拉锯战。城堡就位于眼前一座小山上，可它可望而不可即；它是那样冷漠、威严，像一头巨兽俯视着K；它代表了一个庞大的官僚机构，那儿等级森严，有数不尽的部门和数不尽的官吏，可又有数不尽的文书尘封在那里，长年累月无人过目，得不到处理。面对这座强大的城堡，K很无奈，直到最后也没有进入城堡，也没见到城堡当权者。小说自始至终笼罩着一种神秘的、梦魇般的气氛；寓意深刻，令人回味无穷。
https://book.douban.com/subject/1042434/,安妮日记,一个十六岁的少女，最大的愿望是做一名记者和作家，却因为希特勒发动的一场邪恶的战争，于花季之龄死于纳粹集中营。日记是安妮遇难前两年藏身密室时的生活和情感的记载。作为一名成长中的少女，她在日记中吐露了与母亲不断发生冲突的困惑以及对性的好奇。在种族歧视和战争迫害的社会大环境中，藏匿且充满恐怖的密室生活，在她朴实流畅的笔下，深深地揪动着每一个读者的心。因此，《安妮日记》不仅仅是一名成长中的少女心灵世界的独出心独白，更是德军占领下的人民苦难生活的目击报道。
https://book.douban.com/subject/1770782/,追风筝的人,12岁的阿富汗富家少爷阿米尔与仆人哈桑情同手足。然而，在一场风筝比赛后，发生了一件悲惨不堪的事，阿米尔为自己的懦弱感到自责和痛苦，逼走了哈桑，不久，自己也跟随父亲逃往美国。成年后的阿米尔始终无法原谅自己当年对哈桑的背叛。为了赎罪，阿米尔再度踏上暌违二十多年的故乡，希望能为不幸的好友尽最后一点心力，却发现一个惊天谎言，儿时的噩梦再度重演，阿米尔该如何抉择？故事如此残忍而又美丽，作者以温暖细腻的笔法勾勒人性的本质与救赎，读来令人荡气回肠。
https://book.douban.com/subject/1220045/,一号书迷,保罗・谢尔顿，一位畅销书作家，终于遇到了他的一号书迷。她的名字叫安妮・威尔克斯，她不仅是一位疯狂的读者，也是保罗的护士，照顾车祸后的他。但保罗更是她的猎物，被她囚禁在她孤立的房子里。安妮想要保罗写一本最棒的小说，为她一个人写。她有很多鞭策他的方法，比如针，比如斧子。如果还不奏效，她还可以更卑鄙……
https://book.douban.com/subject/2255896/,绿里奇迹,州立冷山监狱死囚牢房的走廊上铺了绿色的油毡，因此这条在其他监狱称为“最后一英里”的不归路，在冷山就被叫成“绿里”。那是1932年的事，当时死囚在走过“绿里”之后要上的是电椅。
https://book.douban.com/subject/1433739/,蜘蛛女之吻,"《蜘蛛女之吻》是普伊格的第四部小说,这无疑是他的小说中影响最大的一部。在1976年发表后,几次再版,被译成多种文字,并改编成电影。    在阿根廷首都布宜诺斯艾利斯监狱的一间牢房里关押着两个囚犯,一个是政治犯瓦伦丁,另一个是同性恋者莫利纳。小说以他们两个人的对话为主线索,逐步展现出他们的内心世界,拨动了埋藏在他们意识深处的心弦,从一个侧面剖露了阿根廷社会的现实。作者以主人公叙述电影故事的方法,一方面揭示了力图改变社会的革命者的复杂的内心世界,另一方面又从社会、心理和生理诸方面多层次地剖析了同性恋这个日益引起人们重视的社会问题。    对于同性恋的产生与存在,作者以严肃的态度进行了具体的分析。他采用新颖的表现手法,颇具匠心地将许多艺术技巧巧妙地糅合在一起,精心构筑了小说的结构,一部部异彩纷呈的电影故事,与小说正文相互呼应的理论柱石,穿插... "
https://book.douban.com/subject/1036274/,夏洛的网,一个蜘蛛和小猪的故事，写给孩子，也写给大人。在朱克曼家的谷仓里，快乐地生活着一群动物，其中小猪威尔伯和蜘蛛夏洛建立了最真挚的友谊。然而，一个最丑恶的消息打破了谷仓的平静：威尔伯未来的命运竟是成为熏肉火腿。作为一只猪，悲痛绝望的威尔伯似乎只能接受任人宰割的命运了，然而，看似渺小的夏洛却说：“我救你。”于是，夏洛用自己的丝在猪栏上织出了被人类视为奇迹的网上文字，彻底逆转了威尔伯的命运，终于让它在集市的大赛中赢得特别奖，和一个安享天命的未来。但，这时，蜘蛛夏洛的生命却走到了尽头……
https://book.douban.com/subject/1427421/,惊天核网（上下册）,中东战争遗失核弹引发全球大恐慌，中情局孤胆英雄舍命拦阻超级争战。一九七三年的叙以战争中，一架以军战机被击落后坠毁，机上一枚仍未引爆的核弹与飞机残骸长埋地下。多年后，核弹被一老农从自家的菜地里发掘出来，经转手落入欧洲极左恐怖分子手中，他们准备策动一场惊天动地的阴谋，意图煽动美俄开战并互相摧毁。一方面，恐怖分子在美国丹佛天穹体育场内引爆了事先安装在一辆货车内的核弹，并使爆炸看上去像是俄国人所为。另一方面，他们又化装成俄国军人，向驻扎在柏林的美军部队开火，造成美俄两国政治上的误解。美国政府下令准备全面反击，俄罗斯获悉后也采取了应对行动，一时局势极度恐惧。美国中央情报局副局长杰克・瑞安经过深入调查，终于找出了袭击事件的真正策划者，若不能在有限时间内同时解除两国首脑的误会，第三次世界大战将一触即发……
https://book.douban.com/subject/2154597/,午夜善恶花园,《午夜善恶花园》从一桩真实的谋杀案写起，讲述了隐藏于小城平静安详下的斑驳人性。1981年5月2日，一个薄雾的清晨，沙凡纳最豪华的宅邸莫瑟府，古董富商、派对主角威廉斯枪杀了他的“朋友”丹尼。是谋杀还是自卫？沙凡纳人几乎全部卷入此案，连外来者记者约翰・伯兰特（即作者）也难脱干系，案情扑朔迷离八年之久，最后以威廉斯的猝死告终。其间，伯兰特亲历沙凡纳的社交生活，以敏锐的观察和记录，素描喧嚣而骚动的人群。...
https://book.douban.com/subject/1128394/,完美风暴,导读：1991年间，北美海域突袭而来的一起风暴造成海上多艘船只失踪，受难。本书根据受难生还者，受难家属及救难人员的陈述，对船难及救援过程作了相当惊心动魄的描述。一篇描绘台湾渔民船难事件的文章中写道：“船只一驶离港口，讨海人便得把性命托付在命运之神手里，善变的风浪，随时可能发生的机械故障，大鱼的孔武拼劲……谁也无法预料这趟出海可能的遭遇。几乎每个出海人都曾遇过海上事故，受命运之神眷顾的讨海人才得以活着回来叙述事故经过。有些离奇如谜的船难，将永远无法陈述，因为故事主角和故事情节都已沉没在大海里。”在那次风暴中失踪的箭钓船安德列盖尔号，他们再也没有回来，也没有任何确凿的证据足以证明此船已遇难。他们消失得无影无踪。“去年年初，一艘渔船被一阵突起的强劲北风打翻在奇莱鼻岬，船骸仍搁在鼻头海滩上，船主失踪，至今仍未寻获。”“这件海难在讨海人不愿提起的情况... 
https://book.douban.com/subject/1084882/,文静的美国人,《文静的美国人》是格林“政治小说”方面的代表作。作品以越南抗法战争后期为背景。在法国殖民主义者即将面临失败之际，一个年轻而文静的美国人趁虚而入，靠一帮土匪搞恐怖活动，企图建立所谓的“第三种势力”，而令无辜的老百姓不断遭受伤害。最后，这个多行不义的美国人也遭到暗杀。作品对新老殖民主义的恶劣行径作了有力的揭露和嘲讽。同时，作品还描写了这个美国人及另一位男主人公、英国某报社记驻越南记者福勒与一位漂亮的越南姑娘凤儿之间的一场爱情纠葛，大大增强了这部严肃作品的可读性。
https://book.douban.com/subject/1035477/,德伯家的苔丝,本书系世界文学名著文库之一种。 德伯以软言温存猎获了少女苔丝，但苔丝失身后不愿将错就错，而是坚持追求女人的独立生存、真实爱情和幸福婚姻，但当时狭隘的贞操观念，使得她面临着种种道德障碍，苔丝向这种道德观发起一次次挑战……哈代文笔优美，作品中有浓郁的英国乡村气息，本著因涉及人生命运的大悲剧，更具有震撼人心的力量。
https://book.douban.com/subject/1309255/,一年好时光,英国著名作家彼得・梅尔的最新小说。当普罗旺斯笼罩层层疑云，当葡萄美酒遭遇恋恋深情……从伦敦逼仄、狭小的办公室里逃出来，麦克斯义无返顾地投入了普罗旺斯的怀抱。那里有分外蓝的天，分外清爽的空气，还有故去的叔叔留给他的一大片葡萄园。葡萄藤间生长的故事枝枝蔓蔓，葡萄酒里沉醉的爱情酸酸甜甜。等待着麦克斯的，是享受自然，是破解悬念，是收获事业，是咀嚼爱恋，是感受自己被“普罗旺斯化”的欣喜与完满。当阳光在葡萄枝叶上洒下一片班驳，当红酒的芬芳弥漫在齿间唇边，你阅读的不再只是一个故事，你轻轻触摸的，是生活最迷人的表面……
https://book.douban.com/subject/1812223/,消失的地平线,在寻找香格里拉的过程中，一个全新的思想国――佛陀的香格里拉，在全人类的视线中浮现出来。在这个离天空最近的――或者说建在天上的神奇国度中，有一个隐匿的国中之国香格里拉。本书讲述了进入这片乐土的惊人故事，并已成为绝对的经典。 
https://book.douban.com/subject/1083170/,老人与海,《老人与海》写古巴老渔夫圣地亚哥在连续八十四天没捕到鱼的情况下，终于独自钓上了一条大马林鱼，但这鱼实在大，把他的小船在海上拖了三天才筋疲力尽，被他杀死了绑在小船的一边，在归程中一再遭到鲨鱼的袭击，最后回港时只剩鱼头鱼尾和一条脊骨。这虽然是一个故事简单，篇幅不大的作品，但含义丰富。海明威说：“我试图描写一个真正的老人，一个真正的孩子，真正的大海，一条真正的鱼和许多真正的鲨鱼。然而，如果我能写得足够逼真的话，他们也能代表许多其他事物。”评论家说：“这个朴素的故事里充满了并非故意卖弄的寓意……作为一篇干净利落的‘陈述性’散文，它在海明威的全部作品中都是无与伦比的。每一个词都有它的作用，没有一个词是多余的。”
https://book.douban.com/subject/1201259/,最长的一天,看过《最长的一天》这部作品的人都曾被它深深震撼，作为非虚构文学的创作典范和世界战争纪实的巅峰之作，它真实记录了诺曼底登陆的策划内幕和激战过程，生动描述了血腥海水和钢铁火焰构成的战场奇观，还细致入微地写下了双方的将帅和士兵作为个人所遇到的传奇般的命运，以及在每个生死瞬间所经历的痛苦、迷狂和心惊胆战。
https://book.douban.com/subject/1845045/,查理和巧克力工厂,出生于贫穷的家庭的善良小男孩查理生长的一个小镇里有一个全世界最大的巧克力工厂，这家古怪却非凡的巧克力工厂由同样古怪的威利・旺卡所拥有。工厂非常神秘，大门紧锁，全镇子的人从来没有看见有人从大门进去或出来过。有一天，威利・旺卡先生发出告示，全世界购买旺卡巧克力的孩子，将有五位幸运儿获得参观巧克力工厂的特权，前提是找到藏在包装纸里的五张金券，谁获得金券谁就是幸运儿。　　偶然的机会，查理得到了一张金券。参观工厂的过程是一次奇特的经历。每个参观者都感到了无限着迷、狂喜、好奇、惊讶和迷惑不解。这几个孩子开始了一场神秘莫测的冒险之旅……
https://book.douban.com/subject/1397485/,小人物，大英雄,时常有些小偷小摸行为的柏尼遇上了一次坠机事件，无意中成了救出几十名乘客的大英雄。但人们在寻找英雄时，柏尼却正被关在监狱里，于是，另一位流浪汉强恩拎着自己无意中得到的证物――一只鞋，成功地冒充了英雄。真英雄和假英雄终于在高楼的外墙沿上相遇了，谁能继续做英雄，并拥有那１００万美元的奖金呢？
https://book.douban.com/subject/1168760/,永别了，武器,《永别了，武器》是美国诺贝尔文学奖获得者海明威的主要作品之一。美国青年弗瑞德里克?亨利在第一次世界大战后期志愿参加红十字会驾驶救护车，在意大利北部战线抢救伤员。在一次执行任务时，亨利被炮弹击中受伤，在米兰医院养伤期间得到了 英国籍护士凯瑟琳的悉心护理，两人陷入了热恋。亨利伤愈后重返前线，随意大利部队撤退时目睹战争的种种残酷景象，毅然脱离部队，和凯瑟琳会合后逃往瑞士。结果凯瑟琳在难产中死去。海明威根据自己的参战经历，以战争与爱情为主线，吟唱了一曲哀婉动人的悲歌，曾多次被搬上银幕，堪称现代文学的经典名篇。
