movie,book
https://movie.douban.com/subject/25864085/,https://book.douban.com/subject/26586492/
https://movie.douban.com/subject/1966182/,https://book.douban.com/subject/20370889/
https://movie.douban.com/subject/6549903/,https://book.douban.com/subject/21328036/
https://movie.douban.com/subject/27120588/,https://book.douban.com/subject/25836981/
https://movie.douban.com/subject/6879185/,https://book.douban.com/subject/25768151/
https://movie.douban.com/subject/1920805/,https://book.douban.com/subject/25766893/
https://movie.douban.com/subject/1292001/,https://book.douban.com/subject/11588813/
https://movie.douban.com/subject/1438520/,https://book.douban.com/subject/3175259/
https://movie.douban.com/subject/1927369/,https://book.douban.com/subject/3654604/
https://movie.douban.com/subject/1291571/,https://book.douban.com/subject/1072334/
https://movie.douban.com/subject/2367243/,https://book.douban.com/subject/5906611/
https://movie.douban.com/subject/1291853/,https://book.douban.com/subject/10583075/
https://movie.douban.com/subject/2028677/,https://book.douban.com/subject/3026354/
https://movie.douban.com/subject/4206436/,https://book.douban.com/subject/5942276/
https://movie.douban.com/subject/1857099/,https://book.douban.com/subject/6833935/
https://movie.douban.com/subject/3364223/,https://book.douban.com/subject/1008988/
https://movie.douban.com/subject/1766827/,https://book.douban.com/subject/1038656/
https://movie.douban.com/subject/1306213/,https://book.douban.com/subject/5447903/
https://movie.douban.com/subject/3008247/,https://book.douban.com/subject/2229229/
https://movie.douban.com/subject/3230121/,https://book.douban.com/subject/5267345/
https://movie.douban.com/subject/1300870/,https://book.douban.com/subject/5921783/
https://movie.douban.com/subject/6013501/,https://book.douban.com/subject/5297291/
https://movie.douban.com/subject/1292225/,https://book.douban.com/subject/6265782/
https://movie.douban.com/subject/1298204/,https://book.douban.com/subject/3243069/
https://movie.douban.com/subject/2132468/,https://book.douban.com/subject/3290031/
https://movie.douban.com/subject/1295124/,https://book.douban.com/subject/6451549/
https://movie.douban.com/subject/1293324/,https://book.douban.com/subject/5941555/
https://movie.douban.com/subject/3077791/,https://book.douban.com/subject/5289426/
https://movie.douban.com/subject/1292718/,https://book.douban.com/subject/6732278/
https://movie.douban.com/subject/1951107/,https://book.douban.com/subject/1215344/
https://movie.douban.com/subject/1927369/,https://book.douban.com/subject/1228110/
https://movie.douban.com/subject/3217807/,https://book.douban.com/subject/2265995/
https://movie.douban.com/subject/1863955/,https://book.douban.com/subject/5283663/
https://movie.douban.com/subject/1292528/,https://book.douban.com/subject/4881998/
https://movie.douban.com/subject/1309163/,https://book.douban.com/subject/6003996/
https://movie.douban.com/subject/1308006/,https://book.douban.com/subject/1018136/
https://movie.douban.com/subject/1482072/,https://book.douban.com/subject/1262142/
https://movie.douban.com/subject/1296242/,https://book.douban.com/subject/2033808/
https://movie.douban.com/subject/27114473/,https://book.douban.com/subject/2132092/
https://movie.douban.com/subject/2334904/,https://book.douban.com/subject/3596322/
https://movie.douban.com/subject/1293590/,https://book.douban.com/subject/4247000/
https://movie.douban.com/subject/1885124/,https://book.douban.com/subject/4097170/
https://movie.douban.com/subject/2037012/,https://book.douban.com/subject/3640067/
https://movie.douban.com/subject/1292224/,https://book.douban.com/subject/3263006/
https://movie.douban.com/subject/1300161/,https://book.douban.com/subject/3517504/
https://movie.douban.com/subject/2252773/,https://book.douban.com/subject/3716506/
https://movie.douban.com/subject/1307748/,https://book.douban.com/subject/2052580/
https://movie.douban.com/subject/1293835/,https://book.douban.com/subject/3788397/
https://movie.douban.com/subject/1292267/,https://book.douban.com/subject/1394364/
https://movie.douban.com/subject/1308628/,https://book.douban.com/subject/1492928/
https://movie.douban.com/subject/1304102/,https://book.douban.com/subject/3113152/
https://movie.douban.com/subject/1292000/,https://book.douban.com/subject/3821057/
https://movie.douban.com/subject/2209573/,https://book.douban.com/subject/3622445/
https://movie.douban.com/subject/2213597/,https://book.douban.com/subject/3537590/
https://movie.douban.com/subject/1292052/,https://book.douban.com/subject/4097161/
https://movie.douban.com/subject/1292682/,https://book.douban.com/subject/4038641/
https://movie.douban.com/subject/1299811/,https://book.douban.com/subject/1958141/
https://movie.douban.com/subject/1297991/,https://book.douban.com/subject/3597031/
https://movie.douban.com/subject/1300275/,https://book.douban.com/subject/4250271/
https://movie.douban.com/subject/1293708/,https://book.douban.com/subject/1084976/
https://movie.douban.com/subject/1950148/,https://book.douban.com/subject/2980471/
https://movie.douban.com/subject/1301106/,https://book.douban.com/subject/3275016/
https://movie.douban.com/subject/1292781/,https://book.douban.com/subject/1839557/
https://movie.douban.com/subject/1306785/,https://book.douban.com/subject/1223764/
https://movie.douban.com/subject/1418519/,https://book.douban.com/subject/1451341/
https://movie.douban.com/subject/1760622/,https://book.douban.com/subject/1292416/
https://movie.douban.com/subject/1958437/,https://book.douban.com/subject/3187665/
https://movie.douban.com/subject/1295647/,https://book.douban.com/subject/3105462/
https://movie.douban.com/subject/1292226/,https://book.douban.com/subject/2340609/
https://movie.douban.com/subject/1292757/,https://book.douban.com/subject/2042967/
https://movie.douban.com/subject/1306729/,https://book.douban.com/subject/1812319/
https://movie.douban.com/subject/1309059/,https://book.douban.com/subject/1474486/
https://movie.douban.com/subject/1304585/,https://book.douban.com/subject/2044028/
https://movie.douban.com/subject/1296079/,https://book.douban.com/subject/1204179/
https://movie.douban.com/subject/1296805/,https://book.douban.com/subject/1904217/
https://movie.douban.com/subject/1291868/,https://book.douban.com/subject/1400705/
https://movie.douban.com/subject/1820156/,https://book.douban.com/subject/3021566/
https://movie.douban.com/subject/1950148/,https://book.douban.com/subject/1442744/
https://movie.douban.com/subject/1296973/,https://book.douban.com/subject/1101829/
https://movie.douban.com/subject/1293603/,https://book.douban.com/subject/1525761/
https://movie.douban.com/subject/1292625/,https://book.douban.com/subject/2050767/
https://movie.douban.com/subject/1439126/,https://book.douban.com/subject/2036561/
https://movie.douban.com/subject/3236681/,https://book.douban.com/subject/1042434/
https://movie.douban.com/subject/1937502/,https://book.douban.com/subject/1770782/
https://movie.douban.com/subject/1292850/,https://book.douban.com/subject/1220045/
https://movie.douban.com/subject/1300374/,https://book.douban.com/subject/2255896/
https://movie.douban.com/subject/1299879/,https://book.douban.com/subject/1433739/
https://movie.douban.com/subject/1457218/,https://book.douban.com/subject/1036274/
https://movie.douban.com/subject/1306969/,https://book.douban.com/subject/1427421/
https://movie.douban.com/subject/1297513/,https://book.douban.com/subject/2154597/
https://movie.douban.com/subject/1293815/,https://book.douban.com/subject/1128394/
https://movie.douban.com/subject/1958437/,https://book.douban.com/subject/1084882/
https://movie.douban.com/subject/3123230/,https://book.douban.com/subject/1035477/
https://movie.douban.com/subject/1482101/,https://book.douban.com/subject/1309255/
https://movie.douban.com/subject/1293244/,https://book.douban.com/subject/1812223/
https://movie.douban.com/subject/1302930/,https://book.douban.com/subject/1083170/
https://movie.douban.com/subject/1293626/,https://book.douban.com/subject/2000596/
https://movie.douban.com/subject/1309101/,https://book.douban.com/subject/1845045/
https://movie.douban.com/subject/1301420/,https://book.douban.com/subject/1397485/
https://movie.douban.com/subject/1293116/,https://book.douban.com/subject/1019029/
